シャトルJANコード一覧,,,,,,,,,,,,,
※キャピタル用,,,,,,,,,,,,,
336,無印シャトル,801  2,MJ-1,4953582192365,,,,772,UBER CUP,キュート   2,,,4953582191603
337,無印シャトル,801  3,MJ-1,4953582192372,,,,773,UBER CUP,キュート   3,,,4953582191610
338,無印シャトル,801  4,MJ-1,4953582192389,,,,774,UBER CUP,キュート   4,,,4953582191627
342,無印シャトル,803  2,MJ-3,4953582192426,,,,775,UBER CUP,キュート   5,,,4953582191634
343,無印シャトル,803  3,MJ-3,4953582192433,,,,,,,,,
344,無印シャトル,803  4,MJ-3,4953582192440,,,,010,THOMAS CUP,フェザーシャトル3P,TC-010,,4953582190002
342,無印シャトル,803  2,MJ-3,4953582192426,,,,011,THOMAS CUP,プラシャトル4P,TC-011WH,,4953582190019
343,無印シャトル,803  3,MJ-3,4953582192433,,,,012,THOMAS CUP,ナイロンシャトル4P,TC-012,,4953582190026
348,無印シャトル,804  2,MJ-4,4953582192488,,,,018,THOMAS CUP,プラシャトル4P,TC-011MIX,,4953582190033
349,無印シャトル,804  3,MJ-4,4953582192495,,,,,,,,,
350,無印シャトル,804  4,MJ-4,4953582192501,,,,,,,,,
354,無印シャトル,601  2,MJ-6 2,4953582192549,,,,,,,,,
355,無印シャトル,601  3,MJ-6 3,4953582192556,,,,,,,,,
356,無印シャトル,601  4,MJ-6 4,4953582192563,,,,,,,,,
360,無印シャトル,602  2,MJ-BKS 2,4953582192600,,,,,,,,,
361,無印シャトル,602  3,MJ-BKS 3,4953582192617,,,,,,,,,
362,無印シャトル,602  4,MJ-BKS 4,4953582192624,,,,,,,,,
391,無印シャトル,205  3,MJ-9 3,4953582192914,,,,,,,,,
392,無印シャトル,205  4,MJ-9 4,4953582192921,,,,,,,,,
,,,,,,,,,,,,,
394,無印シャトル,205  3,MJ-205  3,4953582192945,,,,,,,,,
395,無印シャトル,205  4,MJ-205  4,4953582192952,,,,,,,,,
,,,,,,,,,,,,,
呼出ＮＯ,メーカー名,品名,品番,カラー・番手,ＪＡＮコード,,,,,,,,
321,カワサキ,エリートエース,ＫＳ－３０３,①,4589752423016,,,,,,,,
322,カワサキ,エリートエース,ＫＳ－３０３,②,4589752423023,,,,,,,,
323,カワサキ,エリートエース,ＫＳ－３０３,③,4589752423030,,,,,,,,
324,カワサキ,エリートエース,ＫＳ－３０３,④,4589752423047,,,,,,,,
325,カワサキ,エリートエース,ＫＳ－３０３,⑤,4589752423054,,,,,,,,
421,カワサキ,エリートストロングⅠ,ＫＳ－３０６,①,4589752423061,,,,,,,,
422,カワサキ,エリートストロングⅠ,ＫＳ－３０６,②,4589752423078,,,,,,,,
423,カワサキ,エリートストロングⅠ,ＫＳ－３０６,③,4589752423085,,,,,,,,
424,カワサキ,エリートストロングⅠ,ＫＳ－３０６,④,4589752423092,,,,,,,,
425,カワサキ,エリートストロングⅠ,ＫＳ－３０６,⑤,4589752423108,,,,,,,,
521,カワサキ,エリートストロングⅡ,ＫＳ－３０９,①,4589752423115,,,,,,,,
522,カワサキ,エリートストロングⅡ,ＫＳ－３０９,②,4589752423122,,,,,,,,
523,カワサキ,エリートストロングⅡ,ＫＳ－３０９,③,4589752423139,,,,,,,,
524,カワサキ,エリートストロングⅡ,ＫＳ－３０９,④,4589752423146,,,,,,,,
525,カワサキ,エリートストロングⅡ,ＫＳ－３０９,⑤,4589752423153,,,,,,,,
836,カワサキ,エアーシャトル,AS-02,FF,4589752423283,,,,,,,,
880,トマスカップ,ハイブリッドフェザー０１,HB-01,③,4589752423290,,,,,,,,
881,トマスカップ,ハイブリッドフェザー０１,HB-01,④,4589752423306,,,,,,,,
851,カワサキ,エリートトップ,ＫＳ－３０１,①,4589752423313,,,,,,,,
852,カワサキ,エリートトップ,ＫＳ－３０１,②,4589752423320,,,,,,,,
853,カワサキ,エリートトップ,ＫＳ－３０１,③,4589752423337,,,,,,,,
854,カワサキ,エリートトップ,ＫＳ－３０１,④,4589752423344,,,,,,,,
855,カワサキ,エリートトップ,ＫＳ－３０１,⑤,4589752423351,,,,,,,,
426,カワサキ,エリートストロングⅠ,ＫＳ－３０６ 3P,④,4589752423375,,,,,,,,
879,トマスカップ,ハイブリッドフェザー０１,HB-01,②,4589752423382,,,,,,,,
633,無印シャトル,806　2,MJ-806　2,②,4589752423399,,,,,,,,
998,無印シャトル,806　3,MJ-806　3,③,4589752423405,,,,,,,,
1002,無印シャトル,806　4,MJ-806　4,④,4589752423412,,,,,,,,
1003,無印シャトル,801 2,MJ-801 2,②,4589752423429,,,,,,,,
500,無印シャトル,801 3,MJ-801 3,③,4589752423436,,,,,,,,
1004,無印シャトル,801 4,MJ-801 4,④,4589752423443,,,,,,,,
1005,無印シャトル,802 2,MJ-802 2,②,4589752423450,,,,,,,,
1006,無印シャトル,802 3,MJ-802 3,③,4589752423467,,,,,,,,
1007,無印シャトル,802 4,MJ-802 4,④,4589752423474,,,,,,,,
1008,無印シャトル,803 2,MJ-803 2,②,4589752423481,,,,,,,,
1009,無印シャトル,803 3,MJ-803 3,③,4589752423498,,,,,,,,
1010,無印シャトル,803 4,MJ-803 4,④,4589752423504,,,,,,,,
1011,無印シャトル,804 2,MJ-804 2,②,4589752423511,,,,,,,,
1012,無印シャトル,804 3,MJ-804 3,③,4589752423528,,,,,,,,
1013,無印シャトル,804 4,MJ-804 4,④,4589752423535,,,,,,,,
1014,無印シャトル,805 2,MJ-805 2,②,4589752423542,,,,,,,,
1015,無印シャトル,805 3,MJ-805 3,③,4589752423559,,,,,,,,
1016,無印シャトル,805 4,MJ-805 4,④,4589752423566,,,,,,,,
1017,無印シャトル,601 2,MJ-601 2,②,4589752423573,,,,,,,,
1018,無印シャトル,601 3,MJ-601 3,③,4589752423580,,,,,,,,
1019,無印シャトル,601 4,MJ-601 4,④,4589752423597,,,,,,,,
1020,無印シャトル,602 2,MJ-602 2,②,4589752423603,,,,,,,,
1021,無印シャトル,602 3,MJ-602 3,③,4589752423610,,,,,,,,
1022,無印シャトル,602 4,MJ-602 4,④,4589752423627,,,,,,,,
1023,無印シャトル,805 1,MJ-805 1,①,4589752423634,,,,,,,,
1024,トマスカップ,スーパートーナメント5　1,ST-5 1,①,4589752423641,,,,,,,,
1025,トマスカップ,スーパートーナメント4　1,ST-4 1,①,4589752423658,,,,,,,,
1026,カワサキ,ソフトテニスボール　２P,KS-101,,4589752423665,,,,,,,,
1027,カワサキ,ソフトテニス回転ボール　２P,KS-103,,4589752423672,,,,,,,,
1028,カワサキ,ノンプレッシャーボール,KS-106,,4589752423689,,,,,,,,
900,トマスカップ,ハイブリッドフェザー０１　６P,HB-01　６P,③,4589752423313,,,,,,,,
90,トマスカップ,ハイブリッドフェザー０１　６P,HB-01　６P,④,4589752423320,,,,,,,,
1029,カワサキ,T-40　ピックルボール　６P,T-40 6p blpu,blue×purple,4589752423696,,,,,,,,
1030,カワサキ,T-26 ピックルボール 6P,T-26 6p MIX,MIX,4589752423702,,,,,,,,
1031,カワサキ,C-40 ピックルボール 3p,C-40,green,4589752423719,,,,,,,,
トマスカップ,,,,,,,,,,,,,
402,THOMAS CUP,ST-4   2,,,4953582191368,,,,,,,,
403,THOMAS CUP,ST-4   3,,,4953582191375,,,,,,,,
404,THOMAS CUP,ST-4   4,,,4953582191382,,,,,,,,
405,THOMAS CUP,ST-4   5,,,4953582191399,,,,,,,,
502,THOMAS CUP,ST-5   2,,,4953582191122,,,,,,,,
503,THOMAS CUP,ST-5   3,,,4953582191139,,,,,,,,
504,THOMAS CUP,ST-5   4,,,4953582191146,,,,,,,,
505,THOMAS CUP,ST-5   5,,,4953582191153,,,,,,,,
601,THOMAS CUP,ST-6   1,,,4953582191498,,,,,,,,
602,THOMAS CUP,ST-6   2,,,4953582191160,,,,,,,,
603,THOMAS CUP,ST-6   3,,,4953582191177,,,,,,,,
604,THOMAS CUP,ST-6   4,,,4953582191184,,,,,,,,
605,THOMAS CUP,ST-6   5,,,4953582191191,,,,,,,,
702,THOMAS CUP,ST-7   2,,,4953582191207,,,,,,,,
703,THOMAS CUP,ST-7   3,,,4953582191214,,,,,,,,
704,THOMAS CUP,ST-7   4,,,4953582191221,,,,,,,,
705,THOMAS CUP,ST-7   5,,,4953582191238,,,,,,,,
802,THOMAS CUP,ST-8   2,,,4953582191245,,,,,,,,
803,THOMAS CUP,ST-8   3,,,4953582191252,,,,,,,,
804,THOMAS CUP,ST-8   4,,,4953582191269,,,,,,,,
805,THOMAS CUP,ST-8   5,,,4953582191276,,,,,,,,
902,THOMAS CUP,ST-9   2,,,4953582191283,,,,,,,,
903,THOMAS CUP,ST-9   3,,,4953582191290,,,,,,,,
904,THOMAS CUP,ST-9   4,,,4953582191306,,,,,,,,
905,THOMAS CUP,ST-9   5,,,4953582191313,,,,,,,,
962,THOMAS CUP,ST-9 6pcs   2,,,4953582191320,,,,,,,,
963,THOMAS CUP,ST-9 6pcs   3,,,4953582191337,,,,,,,,
964,THOMAS CUP,ST-9 6pcs   4,,,4953582191344,,,,,,,,
965,THOMAS CUP,ST-9 6pcs   5,,,4953582191351,,,,,,,,
982,THOMAS CUP,ST-BK   ｼﾙﾊﾞｰ   2,,,4953582191443,,,,,,,,
983,THOMAS CUP,ST-BK   ｼﾙﾊﾞｰ   3,,,4953582191450,,,,,,,,
984,THOMAS CUP,ST-BK   ｼﾙﾊﾞｰ   4,,,4953582191467,,,,,,,,
985,THOMAS CUP,ST-BK   ｼﾙﾊﾞｰ   5,,,4953582191474,,,,,,,,
,,,,,,,,,,,,,
772,UBER CUP,キュート   2,,4953582191603,,,,,,,,,
773,UBER CUP,キュート   3,,4953582191610,,,,,,,,,
774,UBER CUP,キュート   4,,4953582191627,,,,,,,,,
775,UBER CUP,キュート   5,,4953582191634,,,,,,,,,
,,,,,,,,,,,,,
010,THOMAS CUP,フェザーシャトル3P,TC-010,4953582190002,,,,,,,,,
011,THOMAS CUP,プラシャトル4P,TC-011WH,4953582190019,,,,,,,,,
012,THOMAS CUP,ナイロンシャトル4P,TC-012,4953582190026,,,,,,,,,
018,THOMAS CUP,プラシャトル4P,TC-011MIX,4953582190033,,,,,,,,,
