366,無印シャトル,604  2,MJ-BK,,4953582192662,,廃番
367,無印シャトル,604  3,MJ-BK,,4953582192679,,廃番
368,無印シャトル,604  4,MJ-BK,,4953582192686,,廃番
369,無印シャトル,604  2,604 2,,4953582192693,,廃番
370,無印シャトル,604  3,604 3,,4953582192709,,廃番
371,無印シャトル,604  4,604 4,,4953582192716,,廃番
387,無印シャトル,303  2   10ダース,,,495358219287*,未登録,廃番
388,無印シャトル,303  3   10ダース,,,495358219288*,未登録,廃番
389,無印シャトル,303  4   10ダース,,,495358219289*,未登録,廃番
390,無印シャトル,205　2,MJ-9,,4953582192907,,廃番
396,無印シャトル,オリジナルF1500  3,805BK,,4953582192969,フジ,廃番
397,無印シャトル,オリジナルF1500  4,805BK,,4953582192976,フジ,廃番
398,無印シャトル,オリジナルF1500  3,805BK,,4953582192983,フジ重複,廃番
399,無印シャトル,オリジナルF1500  4,805BK,,4953582192990,フジ重複,廃番
621,トマスカップ,エリートブラック,ＫＳ－３１２,①,4589752423160,廃番,
622,トマスカップ,エリートブラック,ＫＳ－３１２,②,4589752423177,廃番,
623,トマスカップ,エリートブラック,ＫＳ－３１２,③,4589752423184,廃番,
624,トマスカップ,エリートブラック,ＫＳ－３１２,④,4589752423191,廃番,
625,トマスカップ,エリートブラック,ＫＳ－３１２,⑤,4589752423207,廃番,
721,トマスカップ,エリートホワイト,ＫＳ－３１５,①,4589752423214,廃番,
722,トマスカップ,エリートホワイト,ＫＳ－３１５,②,4589752423221,廃番,
723,トマスカップ,エリートホワイト,ＫＳ－３１５,③,4589752423238,廃番,
724,トマスカップ,エリートホワイト,ＫＳ－３１５,④,4589752423245,廃番,
725,トマスカップ,エリートホワイト,ＫＳ－３１５,⑤,4589752423252,廃番,
885,トマスカップ,トレーニング,ST-TR,FF,4589752423269,廃番,
835,カワサキ,エアーシャトル,AS-01,FF,4589752423276,廃番,
378,無印シャトル,204  2,MJ-7,,4953582192785,,
379,無印シャトル,204  3,MJ-7,,4953582192792,,
380,無印シャトル,204  4,MJ-7,,4953582192808,,
381,無印シャトル,204  2,204 2,,4953582192815,,
382,無印シャトル,204  3,204 3,,4953582192822,,
383,無印シャトル,204  4,204 4,,4953582192839,,
384,無印シャトル,600 2,,,4953582192846,,
385,無印シャトル,600 3,,,4953582192853,,
386,無印シャトル,600 4,,,4953582192860,,
393,無印シャトル,205  2,205  2,,4953582192938,,
